{
  "num_task1_classes": 2,
  "num_task2_classes": 4,
  "num_task3_classes": 6,
  "task1_labels": {
    "Host": 0,
    "Pathogen": 1
  },
  "task2_labels": {
    "None": 0,
    "Common_Cold": 1,
    "Influenza": 2,
    "COVID-19": 3
  },
  "task3_labels": {
    "Hemagglutinin": 0,
    "Host_Protein": 1,
    "Neuraminidase": 2,
    "Nucleocapsid": 3,
    "Other": 4,
    "Spike": 5
  },
  "train_size": 3779,
  "val_size": 805,
  "test_size": 767,
  "model_name": "facebook/esm2_t33_650M_UR50D",
  "freeze_layers": 20,
  "max_seq_length": 1024,
  "best_val_f1": 0.9961429180621637,
  "training_history": [
    {
      "epoch": 1,
      "train": {
        "loss": 0.6447665624691735,
        "task1_acc": 0.9648055041016141,
        "task2_acc": 0.8388462556231807
      },
      "val": {
        "loss": 0.173695616075912,
        "task1_acc": 0.991304347826087,
        "task1_f1": 0.9910085861221077,
        "task1_pathogen_recall": 0.9915966386554622,
        "task2_acc": 0.9627329192546584,
        "task2_f1": 0.9283911687204526,
        "task3_f1": 0.9850374064837906
      }
    },
    {
      "epoch": 2,
      "train": {
        "loss": 0.10196633287773428,
        "task1_acc": 0.9984122783805239,
        "task2_acc": 0.9679809473405663
      },
      "val": {
        "loss": 0.10535867010554244,
        "task1_acc": 0.9925465838509316,
        "task1_f1": 0.992289468979081,
        "task1_pathogen_recall": 0.9936974789915967,
        "task2_acc": 0.9540372670807453,
        "task2_f1": 0.9314295761753802,
        "task3_f1": 0.9919204474829086
      }
    },
    {
      "epoch": 3,
      "train": {
        "loss": 0.07499655197744404,
        "task1_acc": 0.999206139190262,
        "task2_acc": 0.9727441121989945
      },
      "val": {
        "loss": 0.09773458648245195,
        "task1_acc": 0.9950310559006211,
        "task1_f1": 0.9948547834534949,
        "task1_pathogen_recall": 0.9978991596638656,
        "task2_acc": 0.9788819875776398,
        "task2_f1": 0.9642310519097735,
        "task3_f1": 0.991304347826087
      }
    },
    {
      "epoch": 4,
      "train": {
        "loss": 0.0687177118029685,
        "task1_acc": 0.9994707594601746,
        "task2_acc": 0.9732733527388198
      },
      "val": {
        "loss": 0.12286939011774932,
        "task1_acc": 0.9962732919254659,
        "task1_f1": 0.9961429180621637,
        "task1_pathogen_recall": 0.9978991596638656,
        "task2_acc": 0.9515527950310559,
        "task2_f1": 0.9276518075226474,
        "task3_f1": 0.9906890130353817
      }
    },
    {
      "epoch": 5,
      "train": {
        "loss": 0.0592965180484166,
        "task1_acc": 0.9994707594601746,
        "task2_acc": 0.9767134162476846
      },
      "val": {
        "loss": 0.11334240522838823,
        "task1_acc": 0.9925465838509316,
        "task1_f1": 0.9922747687228897,
        "task1_pathogen_recall": 0.9978991596638656,
        "task2_acc": 0.9801242236024845,
        "task2_f1": 0.9654447683048605,
        "task3_f1": 0.9925373134328358
      }
    },
    {
      "epoch": 6,
      "train": {
        "loss": 0.05462543235475698,
        "task1_acc": 0.999206139190262,
        "task2_acc": 0.980418100026462
      },
      "val": {
        "loss": 0.1295974934635876,
        "task1_acc": 0.9925465838509316,
        "task1_f1": 0.9922747687228897,
        "task1_pathogen_recall": 0.9978991596638656,
        "task2_acc": 0.9813664596273292,
        "task2_f1": 0.968740465421326,
        "task3_f1": 0.9906774394033562
      }
    },
    {
      "epoch": 7,
      "train": {
        "loss": 0.054359299949885656,
        "task1_acc": 0.999206139190262,
        "task2_acc": 0.9809473405662874
      },
      "val": {
        "loss": 0.12035086343090459,
        "task1_acc": 0.9937888198757764,
        "task1_f1": 0.9935654050597498,
        "task1_pathogen_recall": 0.9978991596638656,
        "task2_acc": 0.9739130434782609,
        "task2_f1": 0.9590240044550497,
        "task3_f1": 0.991304347826087
      }
    },
    {
      "epoch": 8,
      "train": {
        "loss": 0.04770725793799925,
        "task1_acc": 0.999206139190262,
        "task2_acc": 0.9827996824556761
      },
      "val": {
        "loss": 0.09890539805570739,
        "task1_acc": 0.9937888198757764,
        "task1_f1": 0.9935654050597498,
        "task1_pathogen_recall": 0.9978991596638656,
        "task2_acc": 0.9850931677018634,
        "task2_f1": 0.9762917454316319,
        "task3_f1": 0.991304347826087
      }
    },
    {
      "epoch": 9,
      "train": {
        "loss": 0.044153731560603524,
        "task1_acc": 0.9994707594601746,
        "task2_acc": 0.9841227838052394
      },
      "val": {
        "loss": 0.11447603352821686,
        "task1_acc": 0.9937888198757764,
        "task1_f1": 0.9935654050597498,
        "task1_pathogen_recall": 0.9978991596638656,
        "task2_acc": 0.9813664596273292,
        "task2_f1": 0.9702761637783638,
        "task3_f1": 0.9925373134328358
      }
    }
  ]
}